,Predictor,ModelDF,QuasiLLK,Scale,Deviance,DevDF,DevSig
0,Intercept,1,-2346343.298732819,85.2843595061362,,,
1,f_primary_age_tier,5.0,-2238860.905461769,81.3894469049647,2520.565174985376,4.0,0.0
2,f_fire_alarm_type,7.0,-2213118.7947896128,80.45949228494193,632.566300695332,2.0,4.3648878044454664e-138
3,,,,,,,
4,,,,,,,
5,,,,,,,
6,,,,,,,
7,,,,,,,
