,Predictor,ModelDF,QuasiLLK,Scale,Deviance,DevDF,DevSig
0,Intercept,1,-1389.4642229885806,0.1705701231265137,,,
1,Voltage,2.0,-1312.7608570893349,0.1611738314412934,899.3763326576715,1.0,1.340906732166435e-197
2,,,,,,,
3,,,,,,,
4,,,,,,,
5,,,,,,,
6,,,,,,,
7,,,,,,,
8,,,,,,,
9,,,,,,,
