,Predictor,ModelDF,QuasiLLK,Scale,Deviance,DevDF,DevSig
0,Intercept,1,-1389.4642229885806,0.1705701231265137,,,
1,Voltage,2.0,-1312.7608570893349,0.1611738314412934,899.3763326576715,1.0,1.340906732166435e-197
2,Ambient,3.0,-1277.0229713510134,0.15680537467473152,443.470077229488,1.0,1.9020868209555756e-98
3,Intake_Pressure,4.0,-1269.9188790768646,0.1559522140583157,90.61031599057287,1.0,1.7494586703925816e-21
4,,,,,,,
5,,,,,,,
6,,,,,,,
7,,,,,,,
8,,,,,,,
9,,,,,,,
